term,estimate,std.error,statistic,p.value
(Intercept),0.25124437299035407,0.010389583220305351,24.182334138228306,6.33323848094376e-103
after,0.03142728913498649,0.012396761369981631,2.5351209236863013,0.01138603850374675
